8959.412437061708,9260.0,9032.303314208923,360.85250854467995,8113.313369750927,615.5667114255539,877.5830078122872,2051.5019226074587,1146.4718627927705,2941.9277954101804,7838.196258545104,5442.035751342762,7559.428100586103,4578.241043090821,7281.519012451323,3723.0370330810683,2255.101470947131,6384.220581054662,2530.433349609256,7223.317031860315,1205.3181457520022,2804.4766235350535,6182.768707275478,381.4701843262319,-435.07568359367724,3348.267822265553
5204.624191467703,0.0,29.681091308333635,4153.431015014655,8944.248657226808,4178.129272460945,3258.4950256347856,600.9625244138333,2347.8810119629234,885.3146362302559,1445.642929077194,1168.8076782224598,551.5660095215426,1451.0121154783355,1732.3574829099925,9594.34974670403
9260.0,1553.9866760431978,9068.813781738218,1607.3628234861571,7402.218322754063,8208.240585327098,7361.197738647422,2114.214019775248,6527.470474243137,2376.6598510740914,5707.488327026352,2644.2601013182475,6343.844299316503,4900.177459716793,6072.8077697754725,4101.457290649422,3310.468750000019,3457.36968994134,3725.8290100097147,6732.788162231415,5267.000274658239,1751.2570190430106,5001.118164062521,982.3895263672403,220.39459228521991,4523.04580688476,4474.508361816397,-534.7277832030504
7193.246167871996,0.0,8978.396682739196,7301.277618408355,1724.6258544920224,8385.638504028268,7771.188812256038,1456.5960693359825,7231.692962646447,8008.721618652536,8247.543029785362,2589.494400024443,772.3469543454839,6119.841842651346,8728.622131347889,3680.51307678224,8970.020751953372,4210.98869323731,9210.130767822526,4734.376983642576,-188.52264404324262,4008.677749633798,-425.1963806155218,3498.1755065918132,2994.116287231469,9920.151977539363,10152.959899902658,6763.929443359344
6116.657608031324,0.0,9116.062622070567,5634.467391967759,4713.115005493163,428.71902465796484,8546.928863525613,3800.997619628918,996.5641784665913,6362.314300537084,2002.9644775391007,1278.768615722467,1116.4044189453634,1560.1139831541223,7419.829254150549,237.7907562256496,-633.0912780760973,2118.938903808452
9260.0,2397.004703339251,9101.458435058847,1877.9698181152744,8813.670043945549,941.5837097168496,8526.74072265647,13.788299560612359,8241.100006103721,-905.6311798094921
2035.2125772396457,0.0,2209.141235351425,597.9557800293544,6799.1513061524665,7830.464630126908,7011.9858551025045,2718.1401062010636,6279.414062500093,6206.822662353493,5414.760284423817,3247.756652831953,3517.0750427245466,4626.134185791016,5474.4656372070785,3860.917739868175,3095.271759033225,4052.275543212859,4942.701416015642,2337.142639160189,4678.537445068361,1586.1008453369577,4843.9083862304815,8417.853622436469,4155.363922119113,104.84970092779986,3896.3543701171457,-625.7891845702379
9260.0,8205.519563060872,9114.77401733392,8265.153961181848,8495.814208984595,692.4534606934155,8030.413131713818,8727.76306152367,298.99948120092563,7503.373794555623,6986.643295288052,9195.097045898698,6479.792098998997,9430.052642822538,-405.4377746584894,5983.249740600567,9901.68197631866,3763.4133148193487,5019.158630371088,10137.49664306672
9260.0,6601.522575538051,8674.715499877871,6820.628051757937,7057.301788330216,1200.8080291748533,7454.406814575155,7296.552734375151,7537.521820068525,2399.639968872102,1479.7909545896646,6277.051620483375,5704.481582641586,8023.755340576365,5142.435150146477,8268.590240478723,747.863464355248,4587.905578613282,4040.0337982177825,8753.964691162344,8994.074707031497,5761.394958496077,9232.466583252215,6296.380691528296,2434.647064209016,9469.140319824493,9704.095916748336,7348.3116912841415,-676.9038391116298,1394.7430419922348,883.5964965820858,10167.564086914377
4677.000827449902,0.0,4754.994659423835,238.2202911377576,8309.181289672799,4996.393280029319,7608.18031311031,5241.228179931675,5489.4993591309085,2341.0084533691734,6241.400222778297,5740.347747802797,5994.202880859452,3684.3788909912246,4920.580368041989,6249.346618652436,4272.84172058106,6503.201751709091,6755.3387451173085,5628.024368286118,7005.757598877088,6262.017898559547,7254.45831298843,6889.568405151334,1749.3241119385184,7501.440887451336,7746.705322265802,8125.555114746043,7990.251617431832,8734.420852661075,8232.079772949424,9337.273101806573,788.6692810056411,-674.5413970946502
7715.358100651304,0.0,15.50643920872244,1600.9197998047307,6727.633743286103,283.96575927709637,559.7271728513315,3448.9937591552907,841.5020751950979,4351.231842041019,1123.7065124509736,5243.805389404288,7854.948120117369,3132.211761474631,2256.604843139683,1685.1086425779577,1389.159088134813,1963.8768005369584,7018.2141113282605,529.4449615479098,-322.5375366210228,2517.976837158084
9260.0,4428.979741132609,9049.914245605407,4496.8441772460865,4521.327667236322,8325.2888488769,4275.633697509745,7612.260894775348,5233.496551513706,2348.740081787142,3774.366455078077,6221.856384277321,3519.2227172850935,5544.479827880847,3262.3608398436727,4877.626876831052,4218.29078674317,6253.212432861421,6507.067565918076,5694.172744750961,6759.204559326293,6339.763717651343,2250.3765869139274,2281.0883331299165,2001.6758728025848,1648.5981750488718,7505.30670166032,8237.878494262644,1510.287933349432,401.8730926514272,1267.6007080076215,-212.57659912102463,8233.368377685752,10081.22756958
8014.811227519074,9260.0,7946.868591308781,9013.618545532165,1564.8388671873272,1120.6997680664563,1822.9893493650761,1981.4877319336315,2087.1533203123563,2828.530578613307,5598.171691894518,2357.3307800291686,2630.944519042856,4482.4547576904315,2903.6991882323246,5294.705276489248,6084.834747314535,3160.9906005859584,3445.3427124022774,6895.79666137692,1574.932937622114,3713.8020324706513,5278.597717285193,792.749862670953,4247.284393310526,9242.131118774349,4748.551635742194,-750.3543090819549
4024.2163972525204,0.0,5002.836303710958,8540.056304931584,4757.142333984381,7804.4777679442905,4507.1530151367115,7080.7114410400045,4253.727416992166,6368.972091674779,3997.2950744628542,5669.259719848618,3738.715057372996,4981.1447906494095,3480.564575195247,4300.7614898681695,6035.867767334064,5632.319717407212,2969.4180297850617,2961.4716339111574,2301.920776367221,6543.578033447375,2465.1440429686268,1648.8129425049265,2215.584259033066,1002.1481323242715,1967.7426147459423,361.71157836920247,1722.4781799314756,-272.7114868163353,7781.068115234554,10161.335830688398
6443.761641617605,9260.0,6443.496398925884,9259.097747802669,3061.7680358885837,804.9916076660702,7663.590316772417,3312.186889648363,6885.058288574186,3567.7601623534556,3827.628784179642,3141.0172271728725,5365.7933044433485,4091.3632202148137,4356.386260986314,4637.087326049804,4639.879302978516,3887.763671875011,3159.7019958496303,4882.566528320327,4116.705780029268,2438.94241333011,1725.0553894043387,5402.3037719727,5659.59518432623,8242.173843383738,5915.168457031323,8942.745285034118,6169.023590087978,9637.088470458913
979.5965133172504,0.0,8460.592346191352,1203.600006103321,1460.4618835447418,1677.5917816162532,1723.7667846678032,2541.8160247803035,7266.914825439602,5867.704849243147,2267.1284484861944,4229.243927001959,6718.3987426758995,4203.257064819342,2815.214996337788,5876.080780029279,6172.889404296962,2572.313003540069,3358.147125244069,7491.561584472614,5632.534484863338,971.8659210205606,5364.934234619182,182.38075256354023,4160.947875976536,9859.80232238762
0.0,2743.5341010102893,9134.53262329127,6088.700561523417,408.101348876713,4093.510894775399,8567.546539306864,4255.4455566406305,3353.207473754901,975.5169677732301,8002.278594970894,2459.560089111359,1539.0667724607629,7685.71136474605,7440.87646484391,696.9635772705642,-172.20031738274338,2097.8916931150907
8426.476136410794,0.0,8246.039657592723,48.580627441146135,311.4559936520982,1945.4067993164444,8677.93701171898,6397.750930786107,5495.727615356433,859.5425415036916,8118.682556152542,4606.59034729004,1421.8037414548962,5533.956222534166,1701.4309692381157,6405.9120941161855,1990.2931976318741,1980.1991271971165,7002.750854492322,1134.4448852539572,2533.4400939940224,8973.671798705993,6452.0870971680715,-554.271621704027
2579.4931863594857,0.0,2168.550186157262,125.46737670872972,1232.1640777588382,413.25576782202734,304.3686676026009,700.1850891111062,8274.174194336145,-615.2655792235582
0.0,1537.7853692707336,27.53341674778494,1637.6450347900818,296.42227172827006,2568.4471893310842,8687.816314697495,5775.569610595687,8406.04141235373,4873.975830078122,3981.831817626963,1136.1630249021455,7842.921142578307,3098.2785034179906,1697.135620117022,7036.898880004848,1356.084899902391,1975.903778076021,2253.3833312986935,8763.199691772401,-354.75265502922593,2529.574279785037
6199.92774006136,9260.0,6124.78149414071,9010.18226623529,3381.342010497977,1038.443832397512,5627.380065918025,7445.386581420858,3888.1932067870675,2578.1117248535447,5112.367706298855,5930.846481323224,4410.937194824207,4067.5240325927816,4674.242095947268,4796.8743133544895,4936.687927246112,5518.707733154284,5197.415618896516,6233.453826904273,2318.672637939487,5456.425170898485,1617.6716613769968,5713.716583252015,3290.7101440428924,923.5432434082559,3036.8550109862376,235.64308166510273,-445.8140563964116,6475.2819824219805
8940.018499791402,9260.0,8812.16667175287,439.8869323728086,7897.472076415969,696.31927490212,6996.952133178677,960.0537109372926,6110.821609497049,1230.6607055662134,1507.2811889646673,4020.9194946289153,1785.6198120115569,4881.70745849609,7196.9006347657705,3525.880508422868,6920.709686279427,2681.629638671903,1845.1103973389072,2614.1926574705894,2887.806396484277,8243.677215576121,6100.298004150473,195.0520324707668,3430.7385253905577,9878.916625976488
9260.0,1092.3650872099515,8041.366271972849,8804.005508422792,7925.606613159132,1472.9183959959155,7060.952835082973,1733.2165527342113,1999.5281982420383,3049.741058349632,2271.423797607288,3886.475067138683,2545.8966064451943,4712.041168212889,3730.5538940429824,2819.5103454588816,2921.095352172876,3091.4059448241314,3362.4424743651625,7140.6315612792605,5628.239135742244,1324.9436187744614,537.8208923340426,3899.361114501912,4165.243225097631,9502.214508056572
2534.1818190604945,0.0,8686.742477416934,2704.824523925672,2954.813842773343,1381.8569946289526,7082.429580688442,3209.957580566326,6299.602203369117,3469.8262023925126,5529.660873413073,3733.9901733397937,4000.73135375973,4488.468246459963,4266.613464355449,5238.86573791503,4729.222564697271,3278.253631591817,2542.4603271484675,4793.2232666015725,5054.380493164087,7446.245651245077,1091.920928955129,5314.2491149902735,3687.6004028319776,376.7453002930288,5828.831939697334,9591.987304687429
91.09087475970227,0.0,167.99133300755966,292.3416900635384,423.9941406247617,1220.35186767583,687.2990417478231,2133.7578582764027,957.9060363767458,3032.774429321312,5342.598419189443,1234.9560546873072,4469.783477783206,1514.5832824705267,3605.559234619155,1793.3514404295274,2749.4961547851835,2071.2605285643085,6912.548522949348,1901.59423828129,6637.216644287223,1061.6387176514181,2896.3970947264643,9031.014709472593,-596.151275634691,3168.7222290038235
9260.0,7503.297888858165,1566.5570068357633,8779.522018432559,8204.804306030223,7926.6804504396405,7640.824966430621,8161.636047363481,7087.154464721645,8398.309783935762,623.7278747556315,6543.792800903293,384.90646362280563,6010.739974975566,5487.995986938464,9114.774017334239,-94.45449829128415,4974.701766967769,4468.065338134768,9592.846374512,3968.086700439463,9829.520111084279,-803.6166381839026,3474.336318969744
2307.2584060141708,9260.0,7023.368530273574,187.74993896490696,8466.391067504828,7257.465057373196,1765.8612060545247,7871.270446777297,7732.530670166192,1973.3265686035534,6712.81478881833,7972.640686035346,6149.479751586892,8213.60977172872,8455.867462158421,3663.331680297865,5053.736190795893,8698.98422241234,8940.812377929933,4741.89384460449,79.07760620091312,3988.919143676767,3466.3899230957204,9418.884735107695,-394.69940185575433,2950.088958740259,-628.7959289553771,2440.0162506103834,10121.174316406563,7324.042968749962
6128.3872752710395,0.0,5722.0925140380705,120.74249267552477,405.52413940405677,4460.333709716799,8570.12374877952,3886.904602050792,973.3692932126833,6277.2663879394295,8003.996734619332,2087.1533203125364,7722.651367187675,1199.948959350635,7442.165069580238,320.90576171881185,-550.4058074950426,2096.6030883787625
7645.554570501003,0.0,8822.26074218744,7820.585327148619,1206.1772155759772,8253.556518554637,7695.590667724566,8288.778381347864,735.4069519040754,7147.93365478512,6610.5854797363,8761.696319580313,260.34133911107983,6083.546142578104,5566.6008758544785,9238.480072021746,9477.301483154573,4200.679855346685,-454.83428955107024,4558.9119720459,9950.64895629913,5194.83840942382,3577.8542327881014,10184.745483398754
2806.150278172471,0.0,8642.50038146967,2993.042449951079,3242.6022338866405,1412.3539733887178,5763.113098144595,7065.677719116176,5504.533081054737,6296.165924072242,5539.540176391589,4018.3422851562154,4794.297103881834,4283.794860839825,4547.958831787105,5203.214340209953,3326.5763092041207,4810.404663085948,5071.561889648463,6656.3309478759475,5331.430511474649,7372.365646362265,5589.580993652398,8081.527786254834,475.7530975342397,5846.01333618171,6100.727539062584,9480.522994995048,2906.7059326170897,-910.5708312987481
9260.0,3191.128278978762,9072.679595947518,2579.6150970459285,8785.32073974633,1647.5243377685983,8499.25048828147,724.0242767334548,-191.09985351555588,1045.9606933591713
6653.894591352622,0.0,6690.04943847668,98.4066772461581,8540.056304931584,6925.005035400522,7162.108306884909,1330.7423400879375,7401.359252929845,1930.5878448486715,7642.328338623218,2519.6949768066706,7885.015563965029,3098.2785034179906,8128.991394043167,3666.123657226576,8373.826293945525,4223.874740600591,4485.461502075198,8617.372589111555,3941.455535888682,8859.200744629146,161.5483093259179,3403.8925933838073,9335.98449707058,6387.227325439428,-311.7991638186403,2347.6662445068687,-545.895690918263,1828.5733032226963,-778.274078369448,1315.493850708055
2253.9762277942127,0.0,8775.656204223575,2395.559387206905,7952.452545165968,2645.978240966685,7142.564468383753,2901.5515136717777,3162.279205322183,2914.437561035181,3427.731781005791,3698.3387756347793,5564.238433837943,4789.572219848631,5297.067718505897,4025.429611206064,4228.814392089822,5991.196136474589,2519.480209350616,4492.978363037102,4504.146270751946,1777.2438812256278,5017.440490722679,8218.119888305613,313.3889007568978,5277.3091125488645,-408.444519042896,5535.459594726614
9260.0,2595.092302957338,2219.2353057861674,114.72900390599352,8857.482604980709,1282.4196624756332,354.1947174072884,689.44671630837,975.0874328611208,9825.654296874925
9260.0,6860.575574934379,6937.4615478516935,205.3608703613911,2088.012390136574,8444.699554443305,7845.498352050736,7408.661346435705,7647.053222656421,2002.9644775390998,1372.8367614744243,6679.096298217744,8128.991394043167,3148.319320678732,8371.678619384978,3704.9965667724746,644.7750854489923,5008.2054901123,8857.0530700686,4791.719894409177,3935.0125122070413,9097.163085937755,-75.55496215847063,3408.187942504901,2887.8063964844005,9572.228698730749,2373.438339233431,9807.184295654592,10039.562683105776,7394.916229248007
9260.0,1399.4995714073411,8741.07864379877,1545.5097961424035,7878.143005371047,1798.9353942869493,7201.625518798974,7028.952484130825,6193.2923126220485,2323.3975219725253,2593.5749816893376,3888.8375091552844,6393.670349121194,4560.200576782228,6121.774749755944,3757.1850585937627,2962.1159362793214,3408.4027099608684,5582.708435058647,2174.5636749267933,3944.8918151855087,7865.686492919875,4210.773925781226,8638.849334716739,4474.937896728507,9405.139617919853,4737.38372802735,10164.557342529219
3617.0941958806443,0.0,3656.6738891601017,128.4741210938139,5359.779815673869,8367.168502807564,4148.491363525364,1644.9471282959412,4401.05789184569,2384.8210144043287,6147.5468444824,4657.060699462892,4343.50021362303,5432.156448364246,4082.7725219726253,4727.2896575927725,3822.903900146439,4029.7249603271575,5695.246582031311,5920.537643432598,3308.3210754393776,2656.0723114013954,6206.393127441495,7280.659942626915,2800.6108093260677,1309.2655944824692,645.4193878174392,6710.667114257931,6960.226898193492,9271.98379516595,-663.3734893798064,7207.639007568506
690.6665761587473,9260.0,8746.662597656485,414.5443725586538,8976.893310547122,939.4360351563025,9207.983093261979,1454.448394775436,9439.931945801054,1959.3666839599991,6805.809097290008,9672.73986816435,9906.406860351863,2939.1358184814694,-880.0738525393757,5845.798568725569
8599.706106783959,0.0,8491.733627319281,28.822021484114885,7558.569030761677,289.54971313452006,8702.420501709215,6640.008621215791,5736.26716613768,832.9113769529104,8146.172790527544,4846.485595703122,3965.9390258789163,1394.3135070798944,7586.059265136886,3093.983154296897,2230.1884460449564,1952.7088928221146,2229.758911132677,7885.6598663329605,2505.9498596190206,8733.77655029291,6479.577331543073,-314.16160583489
9260.0,6497.57490539559,8801.857833862245,6666.854553222773,8179.246978759715,6903.528289795051,7142.349700927877,1692.625503540081,6966.240386962858,7383.31878662125,6376.059417724584,7626.006011963062,1389.5886230466908,5796.616821289046,1144.3241882322236,5227.912597656242,4667.154769897461,8360.081176758025,657.2315979001648,4113.054733276375,3565.3977203369295,8843.737487793209,177.0115661618563,3024.183731079125,9320.521240234642,6770.802001953094,9556.335906982702,7299.774246215782,9790.002899170215,7822.733001708939,10021.52221679718,8339.89303588862,10251.32339477571,8851.469116210877
9260.0,6056.992005067845,6275.118713379,603.3249664307214,2746.0598754881744,8015.594177246046,2505.090789794801,7385.681228637656,6766.506652832,6998.455505371228,2016.2800598143044,6158.499984741189,1769.2974853513997,5561.231689453111,7738.544158935723,4285.7277679443405,4394.400100708011,7984.66766357441,3821.1857604980587,8229.073028564657,8471.760253906468,6005.585556030253,547.2706604001585,2694.086151123075,2139.9861145019886,8951.980285644777,9189.513092041274,7667.885665893511,9424.898223877226,8210.17349243159,513.5521697998629,9658.13568115263,9889.654998779595,9277.352981567316,-859.0266418460151,-542.6741790770739
4074.9375217131483,9260.0,3850.823669433549,8607.278518676701,7925.606613159132,5650.574951171933,7255.317382812463,5895.409851074291,6142.821960449305,2663.3744049072548,2867.188720703025,5949.1017150878715,2615.0517272948073,5313.175277709951,4686.054306030273,6897.08526611341,7147.504119873191,5194.194107055656,7396.204833984532,5807.569961547834,2845.7119750976817,7643.187408447437,1371.5481567380962,2245.4369354248392,1128.0018615720664,1651.175384521528,8373.826293945525,8196.643142700144,8613.50677490257,8778.877716064393,-95.09880065911238,8851.039581299068,173.1457519528717,-665.9506988524627
9260.0,772.5911446249593,8309.396057129115,8613.936309814397,8052.963714599804,7723.510437011675,1469.9116516111499,2412.740783691438,1739.2300415037425,3275.0321197509957,2014.5619201658683,4123.363571166999,2290.3233337401016,4961.815719604487,2564.7961425780086,5791.891937255842,6421.590118408304,2645.7634735107704,1831.1505126953525,3110.3054809569458,3381.342010497977,8235.945587158152,224.2604064942043,3650.6604003905695,5341.739349365274,-568.2315063475817
7430.389623573194,9260.0,7390.191345215,9117.565994262632,2118.938903808452,990.7654571533722,2374.082641601435,1825.7813262939853,6625.18966674816,6612.518386840792,6359.307556152441,5804.133682250959,5008.6350250244095,3170.8699035643704,5818.952636718817,4221.9418334961,3709.5066833495575,5817.0197296142405,5283.322601318396,2671.7503356933876,5017.440490722678,1907.6077270508213,4753.276519775397,1150.7672119141116,4490.830688476554,400.7992553711538,5029.897003173852,9602.510910034109
484.56728109118126,9260.0,336.3690185544435,8917.832260131774,106.99737548802409,8401.101760864203,7894.465332031204,9383.233337402615,9614.323120117471,1862.077026367227,9846.271972656546,2348.740081787142,-818.6503601077316,6434.476165771459
9260.0,4170.227085194271,4207.767181396461,118.3800506592438,8403.24943542475,4450.024871826162,4563.851623535152,7676.905899047808,4313.862304687482,6962.589340209928,6259.870223999,5199.563293457064,5455.566101074266,3690.821914672865,5713.716583252015,4370.346145629886,5970.148925781326,5042.568283081048,3552.082138061539,6225.722198486419,2893.605117797877,6479.577331543074,6731.714324951292,7017.999343872036,1596.839218139692,6982.133178711071,2030.0251770018053,957.9060363770059,1783.9016723631194,324.9863433838509,-301.9198608397728,7720.503692627129,-922.8125762938653,7963.190917968939
1423.536956545025,9260.0,8034.923248291209,489.4982147217386,8212.106399536082,8267.301635742395,758.601837157983,7664.019851684527,7126.242141723597,8736.783294677967,6598.558502197237,8973.027496338138,49.86923217747403,6080.968933105448,9448.093109131134,3686.3117980957168,5075.857238769526,9686.05545043974,9922.729187012019,4674.886398315429,4101.027755737313,10157.684783935862
9260.0,700.2410749627434,756.4541625974362,209.22668457037526,8150.253372192333,1009.879760741982,7263.693313598595,1270.1779174802778,6391.307907104467,1536.919097900216,1809.6737670896837,3727.1176147461065,2086.2942504881375,4572.871856689453,6897.944335937628,3849.749832153332,2636.528472900278,6239.4673156738045,6350.287322998144,2199.0471649170267,3181.6082763671056,7874.7067260741715,578.8414764404879,3451.785736083918,-220.52299499504807,3720.674591064402
3276.7777378286646,0.0,5968.001251220779,9209.486465454036,3536.4041137694694,832.0523071289604,3785.5343627929215,1601.1345672607854,4038.9599609374673,2357.7603149414385,4963.319091796893,6158.07044982908,4557.838134765621,3833.8570404052853,4439.286499023426,4704.73907470703,3990.852050781259,5082.300262451198,5342.168884277385,5975.732879638653,5600.319366455134,6675.445251464815,3403.248291015555,1891.7149353027744,3148.534088134681,1205.532913208057,2895.538024902245,525.7939147949801,-147.50205993645432,6615.739898681753,2394.7003173826856,-814.7845458983593
4750.289827213296,0.0,4758.430938720711,24.95620727545611,4261.888580322244,8522.445373535102,5241.228179931675,1438.5556030273892,7132.255630493128,5487.781219482471,3522.229461669859,6454.6643066405995,3269.662933349532,5788.670425415023,5134.059219360345,6245.051269531342,4487.609176635745,6498.906402587997,6751.043395996214,5411.968307495105,2258.537750244006,3215.3267669677944,2589.064865112334,7250.162963867337,7497.145538330241,7290.539245605431,1517.5900268552919,1355.8701324463364,7985.956268310738,8511.707000732365,1032.2155761716706,146.7293548584621,792.5350952146257,-448.82080078117724
6507.406280341975,0.0,2606.03149414051,8862.207489013612,8238.952331542918,6890.21270751966,7128.604583740376,1633.5644531250427,1890.4263305662507,7024.871902465786,1647.7391052244398,6434.0466308593495,5853.959732055647,7856.236724853699,1158.498840331834,5284.396438598624,914.0934753415856,4723.423843383788,671.4062499997749,4169.109039306648,430.4371643064019,3621.2372589111474,191.18621826146637,3079.8085021972884,2544.6080017090144,9306.346588135031,2015.6357574463273,9542.161254883093,-516.2577819827144,1492.6770019531705,10007.77709960968,8284.697799682564,10237.578277588209,8796.273880004823
9260.0,7213.106508725487,8886.905746459901,7357.1171569825765,8296.724777221627,7591.2136840821995,7716.85264587398,7827.02835083026,7147.718887329065,8064.561157226757,956.1878967283069,6588.8939666747765,6040.807418823222,8543.922119140847,8784.89120483422,3756.970291137708,9026.289825439702,4285.298233032231,-6.399841308857276,4453.246383666995,-244.79171752957393,3938.2340240478616,9740.606384277635,5830.335311889631,9974.702911377257,6332.676391601538,-947.0812988284421,2430.9960174560865
9260.0,9085.295903349186,8945.537261962829,9224.734954834246,8442.981414794867,9453.247528076447,-422.6191711428653,7950.519638061476,-652.8498840335035,7467.937164306601,10143.51013183625,2264.76600646976
9260.0,7575.000118692001,1629.698638915845,9119.069366455014,8541.774444580022,7862.67974853534,1163.2237243650375,7974.788360595656,8332.590942383024,1841.459350585977,8569.264678955302,2387.398223876985,8807.227020263908,2923.0282592773683,5811.650543212873,9046.048431396735,5296.423416137685,9285.728912353781,9524.120788574497,4470.642547607424,-500.79452514677604,4288.949279785162,9995.750122070618,5465.015869140612,10228.987579346021,5952.752761840801
9260.0,3872.1703242129233,3914.3948364257412,135.3466796875639,8372.537689208932,4157.511596679661,4855.076293945324,7632.4490356444885,6904.387359619108,4656.201629638674,4348.654632568343,6188.352661132791,4090.9336853027035,5484.7744750976435,4791.719894409178,5428.934936523483,4105.967407226571,5687.085418701232,3427.3022460937673,5943.517761230543,6198.231964111417,6504.490356445285,2090.3748321533567,6451.228027343854,6702.505950927853,7828.316955566361,6952.065734863413,8480.565719604438,2060.0926208494634,133.1990051270168,7446.030883789223,9767.022781371998
5079.447823084664,0.0,9155.579833984631,4738.242797851562,8869.509582519771,3811.7359924316524,2894.0346527099864,675.70159912087,1985.1387786865616,960.0537109372926,1084.404067993215,1243.1172180173853,7734.678344726739,192.04528808600116,-692.5818634032439,1805.8079528806993
9260.0,2374.090462532342,8626.392822265569,2561.789398193242,6446.932678222759,7811.3503265380405,3069.4996643065524,2250.806121826206,6220.1382446288835,3330.2273559569576,5664.320068359433,5444.1834259033085,5396.719818115277,4679.396514892578,5130.40817260745,3922.3412322998156,3172.5880432129115,4394.61486816405,4602.080230712889,2430.1369476318678,4919.506530761736,7565.226821899372,5179.375152587922,8293.718032836861,244.4485473633431,5437.5256347656705,3566.042022705018,-470.94184875481005
4257.2959696204925,9260.0,5101.199798584012,294.0598297119759,3918.2606506347256,8269.664077758738,5585.715179443414,1675.014572143597,3427.302246093682,6911.689453124967,6249.990921020484,6082.25753784188,5599.889831542955,6334.394531250096,4960.312347412105,6587.820129394642,2420.04287719714,4328.036956787114,3702.634124755873,7090.37597656264,3084.103851318382,7339.076690673983,2472.016601562531,7586.059265136887,1428.6763000486462,1866.1576080322666,1266.7416381836429,8074.869995117384,943.3018493650247,673.3391571045486,703.6213684079798,85.73539733893267,466.08856201148205,-496.2844085692632
8353.633079379631,0.0,8460.592346191625,256.26075744635114,8465.53199768061,8691.252593994372,8922.771911621337,1322.5811767578598,104.42016601536784,7419.399719238241,-129.24682617214557,6911.474685668913,-363.7728881838776,6413.643722534154,5925.6920623779115,9858.298950195609,5447.6197052001835,10093.684082031561
3133.0312612206635,9260.0,3081.9561767577243,9116.492156982358,8470.686416625922,6414.717559814555,2606.03149414051,7836.0485839843295,2364.6328735350276,7212.578659057581,2121.086578368998,6599.847106933566,5998.068695068339,7384.177856445469,5407.243423461903,7631.160430908374,1381.8569946287216,4825.653152465818,1136.5925598142544,4250.935440063482,893.0462646482251,3682.8755187988418,651.2181091306331,3121.258621215842,411.10809326147887,2566.084747314483,2016.9243621826554,9087.283782959237,1473.777465820358,9323.957519531517,936.6440582275918,9558.483581543249,405.0946044922475,9790.861968994433,-120.87089538567488,10021.52221679718,10250.034790039383,9901.46720886223
9082.636967905653,9260.0,8895.281677246336,8565.184097289983,7647.482757568316,623.727874755632,6744.385604858368,890.039520263459,1163.223724365038,3404.5368957519704,7818.437652588071,4980.7152557373,1720.3305053709282,5144.368057250968,1998.2395935057102,6001.075439453105,6985.139923095837,2410.3783416748365,2550.191955566289,7690.436248779253,2824.2352294920856,8523.519210815373,3096.989898681554,9349.085311889581,3368.0264282225853,10167.34931945793
9260.0,3073.6431377226218,9189.08355712884,3094.8422241210073,8398.309783935492,3340.106658935474,3590.095977783145,1640.0074768066834,6854.346542358367,3844.810180664019,6101.1570739745885,4103.390197753877,5360.424118041981,4366.265563964829,4630.000000000001,4630.0,3907.092742919933,4892.445831298844,5153.173522949249,6068.512420654276,5412.183074951216,6777.245025634735,1780.8949279785556,5669.474487304747,5925.047760009839,8174.092559814402,397.3629760742788,6178.9028930664945,6431.039886474711,9544.953231811452,2578.5412597655086,-961.2559509276543
9260.0,7493.8569040787115,8943.174819946227,7618.274383545092,8365.235595703072,7851.511840820496,7797.819976806595,8086.467437744337,7240.713195800744,8322.711639404506,8560.244445801005,2566.0847473144827,6157.426147460916,8799.06585693383,9038.746337890876,3628.7541198730614,-18.426818847920458,5115.159683227533,9516.818695068638,4653.624420166015,9753.492431640916,5155.9654998779215,3608.1364440918114,9988.448028564757,10221.685485840162,6141.533355712869
1323.6981902889743,9260.0,1199.7341918943362,8953.913192748962,968.2148742673701,8396.80641174311,734.977416991966,7850.008468627884,7313.519363403282,8759.548645019766,6787.12432861325,8995.363311767826,9231.607513427996,2989.176635742211,9468.710784912384,3495.1687622070476,-446.2435913088823,5268.7184143066315,4780.551986694334,9942.917327881161,10177.872924805002,4960.956649780268
7448.929163563815,9260.0,7214.941101074364,8455.43792724604,2298.91403198229,1643.4437561035584,2558.7826538084764,2469.0098571777653,5978.739624023418,2823.8056945799763,6166.446380615321,5179.804687499992,3363.7310791014906,4869.465713500973,3633.0494689940842,5651.00448608397,3900.6497192382403,6424.811630248997,5093.468170166041,2068.6833190918333,1309.2655944824692,4431.554870605458,4694.85977172852,8702.850036621036,4956.446533203144,9448.5226440429,-927.5374603270684,5216.3151550293305
2259.6013192740447,0.0,8940.812377929626,2352.176361083855,6658.693389892693,8115.461044311474,6403.979187011819,7302.995758056602,6503.846054077121,3115.8894348143676,5879.517059326242,5717.582397460922,3648.942260742132,4316.224746704105,5343.457489013712,4178.558807373054,4182.424621582007,5839.140777587873,4447.018127441396,6589.538269042941,1927.3663330078507,4710.323028564459,4288.0902099609175,1191.1434936523929,5231.778411865269,8798.206787109315,3770.071105956982,-261.114044189384,3513.6387634276707,-977.5782775878106
9260.0,7431.979203923218,9129.592971801694,7482.541351318521,8545.425491332951,7714.919738769707,7971.5668487548355,7949.01626586933,1075.1690673826106,7408.446578979452,837.6362609861126,6855.635147094695,598.8148498532864,6313.132553100562,359.13436889624154,5780.938796997054,118.5948181149779,5259.053878784171,4745.115356445312,9380.656127929957,9618.188934326456,5022.165374755853,3736.996917724622,9854.003601074515,10088.10012817414,6017.612533569316
586.0655422485103,9260.0,9018.558197021423,8777.159576416252,9006.531219482671,764.8300933838441,9237.191467285418,1278.12431335454,-208.71078491238438,7478.46076965328,6985.1399230956695,9701.089172363569,9933.897094726864,2758.3016204834253,10167.134552002268,3231.8638610840044
2499.744119903243,0.0,2540.3126525877724,139.42726135260295,6472.704772949323,8303.812103271432,7499.937515258748,3040.291290283113,5962.417297363357,6708.948974609346,5700.4010009766225,5930.846481323224,5165.630035400382,3825.9106445312045,4409.43382263184,4092.651824951142,4357.674865722642,5599.030761718735,2919.806747436548,4621.4093017578125,4376.144866943345,2185.731582641637,1458.9585113525845,5144.58282470706,738.6284637451736,5403.592376709028,5660.883789062558,9235.043792724544,-682.2730255126189,5916.457061767651
7475.221574324837,0.0,1682.9609680174108,8999.873428344665,8420.001296997016,7810.2764892579935,7850.652770996048,8045.232086181835,978.5237121579955,7291.827850341759,6743.311767578095,8519.009094238503,6205.104522705055,8757.830505371328,8997.510986328372,3582.793884277359,5159.401779174797,9237.621002197528,4649.114303588867,9476.871948242462,-453.9752197268515,4145.269851684578,-688.930816650693,3647.8684234619286,-922.1682739260968,3156.6952514648647
9260.0,5100.387183786862,4075.8999633788744,9010.6118011474,5423.7805175781705,941.7984771729041,3593.1027221679096,7637.173919677692,5913.020782470776,2292.2562408447598,3097.848968505772,6309.696273803687,6413.428955078227,3596.9685363769677,6666.425018310663,4232.465438842779,4399.554519653324,6918.56201171888,3778.447036743177,7168.980865478659,3163.997344970724,7417.681579590002,1595.3358459470933,2555.990676879913,7909.928588867374,7305.572967529259,8153.045349121294,7901.123123168898,769.3402099609921,8394.014434814668,8633.265380859602,9074.182968139585,-392.12219238274156,8870.7981872561,-964.4774627684747,9105.753784179942
9260.0,1871.3616247197215,1409.9915313721158,140.93063354466722,471.0282135010366,429.1485595700742,716.5074157712625,9719.559173583912
6659.423425857425,0.0,8878.529815673768,6801.298980713014,8262.147216796824,7037.113647461074,7656.502990722613,7275.075988769682,7061.597137451137,7515.186004638836,7757.014160156428,2782.5703430176045,8000.130920410347,3355.999450683612,5341.309814453115,8244.536285400596,8488.941650390845,4472.790222167971,8731.628875732655,5020.017700195306,287.4020385739718,3699.197845458998,3164.856414794943,9210.989837646744,9447.663574219025,6623.256759643526,-422.6191711428653,2114.6435546875364,-655.8566284182692,1598.5573577881296,10147.375946045235,8171.730117797801
5138.423602503279,0.0,4093.5108947753597,9175.982742309505,8482.713394164984,5405.3105163574655,5647.568206787168,1459.1732788086388,5893.262176513744,2129.462509155309,6471.630935668919,6141.533355712976,2868.0477905272437,5824.107055664045,6644.948272705193,4072.2489166259847,4559.771041870119,6897.08526611341,2112.49588012681,3938.663558959971,3324.428634643574,7396.204833984532,7643.187408447437,6543.363265991184,7888.451843261904,7144.7121429443,1520.1672363281705,8131.998138427934,8373.826293945525,8328.93989562983,347.96646118170247,8613.07723999046,409.38995361304137,-229.54322814934494,9086.424713135018,10061.468963622969
3925.5295179725003,9260.0,8688.031082153262,5532.452850341848,5772.992401123111,1247.8421020508295,6016.968231201251,1912.5473785400777,6694.344787597627,6263.521270752046,2747.778015136612,6052.404861450175,5421.632843017566,6763.4999084473875,2245.2221679686145,4800.740127563475,1994.8033142088348,4186.934738159186,7513.8973999025075,5680.212860107406,7760.450439453303,6280.7026672363045,1255.1441955564487,2385.0357818603843,1797.217254638712,8247.543029785362,771.487884521265,1215.4122161865726,8727.76306152367,8620.379333496037,295.133666991941,69.41307067877642,-494.99580383293505,9199.8219299319
4984.941535781393,0.0,4216.357879638648,9083.417968749936,3976.6773986816033,8384.34989929194,7696.879272460894,5526.439361572317,7021.006088256801,5772.992401123111,6356.515579223608,6022.1226501465635,2986.1698913573287,5703.407745361313,6527.255706787217,4198.532180786138,6780.251770019653,4832.525711059567,7031.529693603652,5459.646682739246,3179.890136718771,7281.0894775392135,7528.9311218263365,6694.130020141572,1958.2928466797257,7775.054626465022,1241.3990783689478,1357.1587371826645,8260.429077148645,8497.961883544867,759.4609069822018,172.5014495850246,-411.2364959716069,8738.930969238514,8974.745635986576,10249.390487670818
4202.617536372154,0.0,9207.124023437435,4219.364624023415,8469.18304443354,4461.1927795410065,4706.886749267583,1516.7309570312946,4956.016998291035,2230.6179809570654,5208.583526611361,2932.9075622558835,3795.413665771437,5636.82983398436,3537.6927185057975,4957.949905395503,3281.260375976486,4286.58683776856,3025.687103271393,3622.096328735366,6488.168029785262,6295.521621704078,6740.305023193479,6946.267013549771,6990.72387695326,7590.569381713825,7238.565521240383,8228.643493652293,399.72541809088034,7484.689025879068,-226.10694885246994,7729.094390869317,7971.781616211128,10106.140594482344
1474.507192805245,9260.0,9217.00332641595,7802.544860840024,8647.869567871036,8034.064178466991,8089.044647216748,8267.301635742395,7540.528564453083,8501.827697754126,8737.642364502186,2257.6786804199555,285.6838989255343,6474.42291259763,5956.83334350584,9211.848907470963,9449.811248779572,3810.662155151379,4951.077346801753,9688.203125000287,-664.8768615725667,4459.474639892581,-899.8324584964081,3974.314956665049
8953.011070107732,0.0,9187.150650024349,8984.624938965091,47.292022704817555,8673.856430053653,9442.079620361601,1089.558486938527,-412.31033325223973,7676.905899047808,-643.4001159670966,7193.464355468714,10134.489898681953,2540.097885131866
7503.4623242118005,0.0,9153.861694335874,7544.823913574384,1482.7976989744307,8572.700958251897,8011.298828125193,1258.1509399414545,8247.113494873252,1818.6940002441806,6891.501312255827,8484.21676635764,8722.608642578358,2907.99453735354,5822.818450927717,8961.859588623292,58.45993041966199,5303.725509643545,-180.79101562527342,4793.008499145506,9678.323822021772,4971.265487670893,3791.1183166504034,9914.138488769831,-888.2350158694543,3299.7303771972847
9260.0,5414.3007929565765,3646.794586181585,8686.52770996088,5853.7449645996785,1245.479660034228,6097.291259765709,1906.3191223144918,6704.009323120088,6343.414764404394,6592.115478515736,3194.0647888183803,6842.534332275516,3820.970993042004,4821.787338256833,7093.812255859515,1916.627960204924,4211.41822814942,1668.7863159178005,3607.9216766357567,7837.337188720885,6248.917083740211,2420.6871795654615,8081.742553711134,935.5702209470555,1836.304931640665,8565.398864746317,8001.63429260249,8803.790740967033,8573.77479553217,119.88342285162616,9040.464477539314,-440.8744049071538,9275.420074463154,-248.22799682644916,-996.2630462645684
1590.0151699747003,0.0,7508.313446045086,8691.896896362246,2004.6826171873508,1421.15943908696,2263.6921691893194,2260.900192260776,6173.104171752908,2528.285675048709,5360.424118041981,2798.033599853412,6190.070800781338,4558.697204589846,3765.131454467786,3340.5361938475835,3609.854583740177,6280.7026672363045,3877.454833984333,7059.234695434536,1429.5353698730923,4143.76647949216,4408.78952026366,8594.607238769475,-91.87728881829207,4672.0944213867215,4326.318817138654,-842.489547729414
3293.7577695287055,0.0,3326.7910766600826,109.35981750494716,3571.1964416503306,889.1804504395063,5439.243774414108,7603.240661621052,5185.388641357453,6848.118286132781,4332.332305908187,3154.547576904318,4666.510467529299,5375.243072509755,4404.064636230455,4655.342559814453,3942.74414062501,5117.092590332059,3237.4478149414263,5376.961212158246,5635.111694335995,6720.9759521484075,5891.544036865306,7412.527160644491,6146.25823974618,8097.420578002881,2860.745697021384,484.1290283203725,-188.09310913079025,6650.532226562615,6900.092010498176,10114.086990356367
4224.102921875308,0.0,4334.050445556624,342.5972747803346,8185.045700073191,4577.167205810544,4435.420684814441,7464.71565246578,6756.41258239743,5075.427703857447,6059.921722412089,5329.2828369141025,5586.144714355523,3884.7569274902453,4700.443725585937,5843.4361267090535,3160.131530761635,4032.946472167978,6354.582672119239,5887.678222656232,2652.421264648325,2718.5696411133085,2071.2605285644895,6858.856658935674,2151.5835571287653,1430.394439697311,1904.1714477537512,795.7566070557186,1658.9070129392844,167.13226318365741,7844.639282226745,9715.478591918873
1572.2068146000365,0.0,7464.071350097816,8481.424789428656,7630.945663452106,2050.6428527830576,6948.629455566537,6793.782119750946,5970.148925781231,2577.2526550291805,5160.0460815429615,2848.2891845702115,4359.607772827153,3120.1847839354614,3390.3622436522737,5693.098907470688,3659.6806335448673,6478.07395935056,5332.719116210977,2004.4678497314835,1234.311752319385,4193.162994384741,4457.326965332022,8788.971786498963,4540.227203369135,-285.3827667235619
0.0,7828.430664787767,649.0704345703689,239.29412841771955,-289.03381347649156,527.5120544431265
6258.892873402918,0.0,9125.082855224864,5803.704147338851,4882.1369934082,419.2692565915586,3970.23437500001,703.6213684079812,987.1144104001833,6192.6480102538835,2172.845535278356,1269.318847656059,7709.335784912284,1286.715011596727,1830.7209777830449,8851.469116210877,-461.9216156005132,2109.4891357420447
1354.3673185346033,0.0,209.22668457006148,8590.74142456049,-270.13427734367906,497.87414550757785
